indicator_id,indicator,year,level,area,powiat,value
215,Odsetek osób niepełnosprawnych ogółem,2021,powiat,powiat bocheński,powiat bocheński,13.82%
215,Odsetek osób niepełnosprawnych ogółem,2021,gmina,Bochnia (miasto),powiat bocheński,
215,Odsetek osób niepełnosprawnych ogółem,2021,gmina,Bochnia (wieś),powiat bocheński,
215,Odsetek osób niepełnosprawnych ogółem,2021,gmina,Drwinia,powiat bocheński,
215,Odsetek osób niepełnosprawnych ogółem,2021,gmina,Lipnica Murowana,powiat bocheński,
215,Odsetek osób niepełnosprawnych ogółem,2021,gmina,Łapanów,powiat bocheński,
215,Odsetek osób niepełnosprawnych ogółem,2021,gmina,Nowy Wiśnicz,powiat bocheński,
215,Odsetek osób niepełnosprawnych ogółem,2021,gmina,Rzezawa,powiat bocheński,
215,Odsetek osób niepełnosprawnych ogółem,2021,gmina,Trzciana,powiat bocheński,
215,Odsetek osób niepełnosprawnych ogółem,2021,gmina,Żegocina,powiat bocheński,
215,Odsetek osób niepełnosprawnych ogółem,2021,powiat,powiat brzeski,powiat brzeski,13.94%
215,Odsetek osób niepełnosprawnych ogółem,2021,gmina,Borzęcin,powiat brzeski,
215,Odsetek osób niepełnosprawnych ogółem,2021,gmina,Brzesko,powiat brzeski,
215,Odsetek osób niepełnosprawnych ogółem,2021,gmina,Czchów,powiat brzeski,
215,Odsetek osób niepełnosprawnych ogółem,2021,gmina,Dębno,powiat brzeski,
215,Odsetek osób niepełnosprawnych ogółem,2021,gmina,Gnojnik,powiat brzeski,
215,Odsetek osób niepełnosprawnych ogółem,2021,gmina,Iwkowa,powiat brzeski,
215,Odsetek osób niepełnosprawnych ogółem,2021,gmina,Szczurowa,powiat brzeski,
215,Odsetek osób niepełnosprawnych ogółem,2021,powiat,powiat chrzanowski,powiat chrzanowski,14.55%
215,Odsetek osób niepełnosprawnych ogółem,2021,gmina,Alwernia,powiat chrzanowski,
215,Odsetek osób niepełnosprawnych ogółem,2021,gmina,Babice,powiat chrzanowski,
215,Odsetek osób niepełnosprawnych ogółem,2021,gmina,Chrzanów,powiat chrzanowski,
215,Odsetek osób niepełnosprawnych ogółem,2021,gmina,Libiąż,powiat chrzanowski,
215,Odsetek osób niepełnosprawnych ogółem,2021,gmina,Trzebinia,powiat chrzanowski,
215,Odsetek osób niepełnosprawnych ogółem,2021,powiat,powiat dąbrowski,powiat dąbrowski,13.36%
215,Odsetek osób niepełnosprawnych ogółem,2021,gmina,Bolesław,powiat dąbrowski,
215,Odsetek osób niepełnosprawnych ogółem,2021,gmina,Dąbrowa Tarnowska,powiat dąbrowski,
215,Odsetek osób niepełnosprawnych ogółem,2021,gmina,Gręboszów,powiat dąbrowski,
215,Odsetek osób niepełnosprawnych ogółem,2021,gmina,Mędrzechów,powiat dąbrowski,
215,Odsetek osób niepełnosprawnych ogółem,2021,gmina,Olesno,powiat dąbrowski,
215,Odsetek osób niepełnosprawnych ogółem,2021,gmina,Radgoszcz,powiat dąbrowski,
215,Odsetek osób niepełnosprawnych ogółem,2021,gmina,Szczucin,powiat dąbrowski,
215,Odsetek osób niepełnosprawnych ogółem,2021,powiat,powiat gorlicki,powiat gorlicki,18.65%
215,Odsetek osób niepełnosprawnych ogółem,2021,gmina,Biecz,powiat gorlicki,
215,Odsetek osób niepełnosprawnych ogółem,2021,gmina,Bobowa,powiat gorlicki,
215,Odsetek osób niepełnosprawnych ogółem,2021,gmina,Gorlice (miasto),powiat gorlicki,
215,Odsetek osób niepełnosprawnych ogółem,2021,gmina,Gorlice (wieś),powiat gorlicki,
215,Odsetek osób niepełnosprawnych ogółem,2021,gmina,Lipinki,powiat gorlicki,
215,Odsetek osób niepełnosprawnych ogółem,2021,gmina,Łużna,powiat gorlicki,
215,Odsetek osób niepełnosprawnych ogółem,2021,gmina,Moszczenica,powiat gorlicki,
215,Odsetek osób niepełnosprawnych ogółem,2021,gmina,Ropa,powiat gorlicki,
215,Odsetek osób niepełnosprawnych ogółem,2021,gmina,Sękowa,powiat gorlicki,
215,Odsetek osób niepełnosprawnych ogółem,2021,gmina,Uście Gorlickie,powiat gorlicki,
215,Odsetek osób niepełnosprawnych ogółem,2021,powiat,powiat krakowski,powiat krakowski,12.99%
215,Odsetek osób niepełnosprawnych ogółem,2021,gmina,Czernichów,powiat krakowski,
215,Odsetek osób niepełnosprawnych ogółem,2021,gmina,Igołomia-Wawrzeńczyce,powiat krakowski,
215,Odsetek osób niepełnosprawnych ogółem,2021,gmina,Iwanowice,powiat krakowski,
215,Odsetek osób niepełnosprawnych ogółem,2021,gmina,Jerzmanowice-Przeginia,powiat krakowski,
215,Odsetek osób niepełnosprawnych ogółem,2021,gmina,Kocmyrzów-Luborzyca,powiat krakowski,
215,Odsetek osób niepełnosprawnych ogółem,2021,gmina,Krzeszowice,powiat krakowski,
215,Odsetek osób niepełnosprawnych ogółem,2021,gmina,Liszki,powiat krakowski,
215,Odsetek osób niepełnosprawnych ogółem,2021,gmina,Michałowice,powiat krakowski,
215,Odsetek osób niepełnosprawnych ogółem,2021,gmina,Mogilany,powiat krakowski,
215,Odsetek osób niepełnosprawnych ogółem,2021,gmina,Skała,powiat krakowski,
215,Odsetek osób niepełnosprawnych ogółem,2021,gmina,Skawina,powiat krakowski,
215,Odsetek osób niepełnosprawnych ogółem,2021,gmina,Słomniki,powiat krakowski,
215,Odsetek osób niepełnosprawnych ogółem,2021,gmina,Sułoszowa,powiat krakowski,
215,Odsetek osób niepełnosprawnych ogółem,2021,gmina,Świątniki Górne,powiat krakowski,
215,Odsetek osób niepełnosprawnych ogółem,2021,gmina,Wielka Wieś,powiat krakowski,
215,Odsetek osób niepełnosprawnych ogółem,2021,gmina,Zabierzów,powiat krakowski,
215,Odsetek osób niepełnosprawnych ogółem,2021,gmina,Zielonki,powiat krakowski,
215,Odsetek osób niepełnosprawnych ogółem,2021,powiat,powiat limanowski,powiat limanowski,12.00%
215,Odsetek osób niepełnosprawnych ogółem,2021,gmina,Dobra,powiat limanowski,
215,Odsetek osób niepełnosprawnych ogółem,2021,gmina,Jodłownik,powiat limanowski,
215,Odsetek osób niepełnosprawnych ogółem,2021,gmina,Kamienica,powiat limanowski,
215,Odsetek osób niepełnosprawnych ogółem,2021,gmina,Laskowa,powiat limanowski,
215,Odsetek osób niepełnosprawnych ogółem,2021,gmina,Limanowa (miasto),powiat limanowski,
215,Odsetek osób niepełnosprawnych ogółem,2021,gmina,Limanowa (wieś),powiat limanowski,
215,Odsetek osób niepełnosprawnych ogółem,2021,gmina,Łukowica,powiat limanowski,
215,Odsetek osób niepełnosprawnych ogółem,2021,gmina,Mszana Dolna (miasto),powiat limanowski,
215,Odsetek osób niepełnosprawnych ogółem,2021,gmina,Mszana Dolna (wieś),powiat limanowski,
215,Odsetek osób niepełnosprawnych ogółem,2021,gmina,Niedźwiedź,powiat limanowski,
215,Odsetek osób niepełnosprawnych ogółem,2021,gmina,Słopnice,powiat limanowski,
215,Odsetek osób niepełnosprawnych ogółem,2021,gmina,Tymbark,powiat limanowski,
215,Odsetek osób niepełnosprawnych ogółem,2021,powiat,powiat m. Kraków,powiat m. Kraków,13.87%
215,Odsetek osób niepełnosprawnych ogółem,2021,powiat,powiat m. Nowy Sącz,powiat m. Nowy Sącz,13.27%
215,Odsetek osób niepełnosprawnych ogółem,2021,powiat,powiat m. Tarnów,powiat m. Tarnów,18.68%
215,Odsetek osób niepełnosprawnych ogółem,2021,powiat,powiat miechowski,powiat miechowski,20.72%
215,Odsetek osób niepełnosprawnych ogółem,2021,gmina,Charsznica,powiat miechowski,
215,Odsetek osób niepełnosprawnych ogółem,2021,gmina,Gołcza,powiat miechowski,
215,Odsetek osób niepełnosprawnych ogółem,2021,gmina,Kozłów,powiat miechowski,
215,Odsetek osób niepełnosprawnych ogółem,2021,gmina,Książ Wielki,powiat miechowski,
215,Odsetek osób niepełnosprawnych ogółem,2021,gmina,Miechów,powiat miechowski,
215,Odsetek osób niepełnosprawnych ogółem,2021,gmina,Racławice,powiat miechowski,
215,Odsetek osób niepełnosprawnych ogółem,2021,gmina,Słaboszów,powiat miechowski,
215,Odsetek osób niepełnosprawnych ogółem,2021,powiat,powiat myślenicki,powiat myślenicki,12.92%
215,Odsetek osób niepełnosprawnych ogółem,2021,gmina,Dobczyce,powiat myślenicki,
215,Odsetek osób niepełnosprawnych ogółem,2021,gmina,Lubień,powiat myślenicki,
215,Odsetek osób niepełnosprawnych ogółem,2021,gmina,Myślenice,powiat myślenicki,
215,Odsetek osób niepełnosprawnych ogółem,2021,gmina,Pcim,powiat myślenicki,
215,Odsetek osób niepełnosprawnych ogółem,2021,gmina,Raciechowice,powiat myślenicki,
215,Odsetek osób niepełnosprawnych ogółem,2021,gmina,Siepraw,powiat myślenicki,
215,Odsetek osób niepełnosprawnych ogółem,2021,gmina,Sułkowice,powiat myślenicki,
215,Odsetek osób niepełnosprawnych ogółem,2021,gmina,Tokarnia,powiat myślenicki,
215,Odsetek osób niepełnosprawnych ogółem,2021,gmina,Wiśniowa,powiat myślenicki,
215,Odsetek osób niepełnosprawnych ogółem,2021,powiat,powiat nowosądecki,powiat nowosądecki,11.93%
215,Odsetek osób niepełnosprawnych ogółem,2021,gmina,Podegrodzie,powiat nowosądecki,
215,Odsetek osób niepełnosprawnych ogółem,2021,gmina,Rytro,powiat nowosądecki,
215,Odsetek osób niepełnosprawnych ogółem,2021,gmina,Stary Sącz,powiat nowosądecki,
215,Odsetek osób niepełnosprawnych ogółem,2021,gmina,Chełmiec,powiat nowosądecki,
215,Odsetek osób niepełnosprawnych ogółem,2021,gmina,Gródek nad Dunajcem,powiat nowosądecki,
215,Odsetek osób niepełnosprawnych ogółem,2021,gmina,Grybów (miasto),powiat nowosądecki,
215,Odsetek osób niepełnosprawnych ogółem,2021,gmina,Grybów (wieś),powiat nowosądecki,
215,Odsetek osób niepełnosprawnych ogółem,2021,gmina,Kamionka Wielka,powiat nowosądecki,
215,Odsetek osób niepełnosprawnych ogółem,2021,gmina,Korzenna,powiat nowosądecki,
215,Odsetek osób niepełnosprawnych ogółem,2021,gmina,Krynica-Zdrój,powiat nowosądecki,
215,Odsetek osób niepełnosprawnych ogółem,2021,gmina,Łabowa,powiat nowosądecki,
215,Odsetek osób niepełnosprawnych ogółem,2021,gmina,Łącko,powiat nowosądecki,
215,Odsetek osób niepełnosprawnych ogółem,2021,gmina,Łososina Dolna,powiat nowosądecki,
215,Odsetek osób niepełnosprawnych ogółem,2021,gmina,Muszyna,powiat nowosądecki,
215,Odsetek osób niepełnosprawnych ogółem,2021,gmina,Nawojowa,powiat nowosądecki,
215,Odsetek osób niepełnosprawnych ogółem,2021,gmina,Piwniczna-Zdrój,powiat nowosądecki,
215,Odsetek osób niepełnosprawnych ogółem,2021,powiat,powiat nowotarski,powiat nowotarski,12.13%
215,Odsetek osób niepełnosprawnych ogółem,2021,gmina,Czarny Dunajec,powiat nowotarski,
215,Odsetek osób niepełnosprawnych ogółem,2021,gmina,Czorsztyn,powiat nowotarski,
215,Odsetek osób niepełnosprawnych ogółem,2021,gmina,Jabłonka,powiat nowotarski,
215,Odsetek osób niepełnosprawnych ogółem,2021,gmina,Krościenko nad Dunajcem,powiat nowotarski,
215,Odsetek osób niepełnosprawnych ogółem,2021,gmina,Lipnica Wielka,powiat nowotarski,
215,Odsetek osób niepełnosprawnych ogółem,2021,gmina,Łapsze Niżne,powiat nowotarski,
215,Odsetek osób niepełnosprawnych ogółem,2021,gmina,Nowy Targ (miasto),powiat nowotarski,
215,Odsetek osób niepełnosprawnych ogółem,2021,gmina,Nowy Targ (wieś),powiat nowotarski,
215,Odsetek osób niepełnosprawnych ogółem,2021,gmina,Ochotnica Dolna,powiat nowotarski,
215,Odsetek osób niepełnosprawnych ogółem,2021,gmina,Raba Wyżna,powiat nowotarski,
215,Odsetek osób niepełnosprawnych ogółem,2021,gmina,Rabka-Zdrój,powiat nowotarski,
215,Odsetek osób niepełnosprawnych ogółem,2021,gmina,Spytkowice,powiat nowotarski,
215,Odsetek osób niepełnosprawnych ogółem,2021,gmina,Szaflary,powiat nowotarski,
215,Odsetek osób niepełnosprawnych ogółem,2021,gmina,Szczawnica,powiat nowotarski,
215,Odsetek osób niepełnosprawnych ogółem,2021,powiat,powiat olkuski,powiat olkuski,14.74%
215,Odsetek osób niepełnosprawnych ogółem,2021,gmina,Bolesław,powiat olkuski,
215,Odsetek osób niepełnosprawnych ogółem,2021,gmina,Bukowno,powiat olkuski,
215,Odsetek osób niepełnosprawnych ogółem,2021,gmina,Klucze,powiat olkuski,
215,Odsetek osób niepełnosprawnych ogółem,2021,gmina,Olkusz,powiat olkuski,
215,Odsetek osób niepełnosprawnych ogółem,2021,gmina,Trzyciąż,powiat olkuski,
215,Odsetek osób niepełnosprawnych ogółem,2021,gmina,Wolbrom,powiat olkuski,
215,Odsetek osób niepełnosprawnych ogółem,2021,powiat,powiat oświęcimski,powiat oświęcimski,12.94%
215,Odsetek osób niepełnosprawnych ogółem,2021,gmina,Brzeszcze,powiat oświęcimski,
215,Odsetek osób niepełnosprawnych ogółem,2021,gmina,Chełmek,powiat oświęcimski,
215,Odsetek osób niepełnosprawnych ogółem,2021,gmina,Kęty,powiat oświęcimski,
215,Odsetek osób niepełnosprawnych ogółem,2021,gmina,Osiek,powiat oświęcimski,
215,Odsetek osób niepełnosprawnych ogółem,2021,gmina,Oświęcim (miasto),powiat oświęcimski,
215,Odsetek osób niepełnosprawnych ogółem,2021,gmina,Oświęcim (wieś),powiat oświęcimski,
215,Odsetek osób niepełnosprawnych ogółem,2021,gmina,Polanka Wielka,powiat oświęcimski,
215,Odsetek osób niepełnosprawnych ogółem,2021,gmina,Przeciszów,powiat oświęcimski,
215,Odsetek osób niepełnosprawnych ogółem,2021,gmina,Zator,powiat oświęcimski,
215,Odsetek osób niepełnosprawnych ogółem,2021,powiat,powiat proszowicki,powiat proszowicki,18.15%
215,Odsetek osób niepełnosprawnych ogółem,2021,gmina,Koniusza,powiat proszowicki,
215,Odsetek osób niepełnosprawnych ogółem,2021,gmina,Koszyce,powiat proszowicki,
215,Odsetek osób niepełnosprawnych ogółem,2021,gmina,Nowe Brzesko,powiat proszowicki,
215,Odsetek osób niepełnosprawnych ogółem,2021,gmina,Pałecznica,powiat proszowicki,
215,Odsetek osób niepełnosprawnych ogółem,2021,gmina,Proszowice,powiat proszowicki,
215,Odsetek osób niepełnosprawnych ogółem,2021,gmina,Radziemice,powiat proszowicki,
215,Odsetek osób niepełnosprawnych ogółem,2021,powiat,powiat suski,powiat suski,12.85%
215,Odsetek osób niepełnosprawnych ogółem,2021,gmina,Budzów,powiat suski,
215,Odsetek osób niepełnosprawnych ogółem,2021,gmina,Bystra-Sidzina,powiat suski,
215,Odsetek osób niepełnosprawnych ogółem,2021,gmina,Jordanów (miasto),powiat suski,
215,Odsetek osób niepełnosprawnych ogółem,2021,gmina,Jordanów (wieś),powiat suski,
215,Odsetek osób niepełnosprawnych ogółem,2021,gmina,Maków Podhalański,powiat suski,
215,Odsetek osób niepełnosprawnych ogółem,2021,gmina,Stryszawa,powiat suski,
215,Odsetek osób niepełnosprawnych ogółem,2021,gmina,Sucha Beskidzka,powiat suski,
215,Odsetek osób niepełnosprawnych ogółem,2021,gmina,Zawoja,powiat suski,
215,Odsetek osób niepełnosprawnych ogółem,2021,gmina,Zembrzyce,powiat suski,
215,Odsetek osób niepełnosprawnych ogółem,2021,powiat,powiat tarnowski,powiat tarnowski,14.45%
215,Odsetek osób niepełnosprawnych ogółem,2021,gmina,Ciężkowice,powiat tarnowski,
215,Odsetek osób niepełnosprawnych ogółem,2021,gmina,Gromnik,powiat tarnowski,
215,Odsetek osób niepełnosprawnych ogółem,2021,gmina,Lisia Góra,powiat tarnowski,
215,Odsetek osób niepełnosprawnych ogółem,2021,gmina,Pleśna,powiat tarnowski,
215,Odsetek osób niepełnosprawnych ogółem,2021,gmina,Radłów,powiat tarnowski,
215,Odsetek osób niepełnosprawnych ogółem,2021,gmina,Ryglice,powiat tarnowski,
215,Odsetek osób niepełnosprawnych ogółem,2021,gmina,Rzepiennik Strzyżewski,powiat tarnowski,
215,Odsetek osób niepełnosprawnych ogółem,2021,gmina,Skrzyszów,powiat tarnowski,
215,Odsetek osób niepełnosprawnych ogółem,2021,gmina,Szerzyny,powiat tarnowski,
215,Odsetek osób niepełnosprawnych ogółem,2021,gmina,Tarnów (wieś),powiat tarnowski,
215,Odsetek osób niepełnosprawnych ogółem,2021,gmina,Tuchów,powiat tarnowski,
215,Odsetek osób niepełnosprawnych ogółem,2021,gmina,Wierzchosławice,powiat tarnowski,
215,Odsetek osób niepełnosprawnych ogółem,2021,gmina,Wietrzychowice,powiat tarnowski,
215,Odsetek osób niepełnosprawnych ogółem,2021,gmina,Wojnicz,powiat tarnowski,
215,Odsetek osób niepełnosprawnych ogółem,2021,gmina,Zakliczyn,powiat tarnowski,
215,Odsetek osób niepełnosprawnych ogółem,2021,gmina,Żabno,powiat tarnowski,
215,Odsetek osób niepełnosprawnych ogółem,2021,powiat,powiat tatrzański,powiat tatrzański,12.63%
215,Odsetek osób niepełnosprawnych ogółem,2021,gmina,Biały Dunajec,powiat tatrzański,
215,Odsetek osób niepełnosprawnych ogółem,2021,gmina,Bukowina Tatrzańska,powiat tatrzański,
215,Odsetek osób niepełnosprawnych ogółem,2021,gmina,Kościelisko,powiat tatrzański,
215,Odsetek osób niepełnosprawnych ogółem,2021,gmina,Poronin,powiat tatrzański,
215,Odsetek osób niepełnosprawnych ogółem,2021,gmina,Zakopane,powiat tatrzański,
215,Odsetek osób niepełnosprawnych ogółem,2021,powiat,powiat wadowicki,powiat wadowicki,13.43%
215,Odsetek osób niepełnosprawnych ogółem,2021,gmina,Andrychów,powiat wadowicki,
215,Odsetek osób niepełnosprawnych ogółem,2021,gmina,Brzeźnica,powiat wadowicki,
215,Odsetek osób niepełnosprawnych ogółem,2021,gmina,Kalwaria Zebrzydowska,powiat wadowicki,
215,Odsetek osób niepełnosprawnych ogółem,2021,gmina,Lanckorona,powiat wadowicki,
215,Odsetek osób niepełnosprawnych ogółem,2021,gmina,Mucharz,powiat wadowicki,
215,Odsetek osób niepełnosprawnych ogółem,2021,gmina,Spytkowice,powiat wadowicki,
215,Odsetek osób niepełnosprawnych ogółem,2021,gmina,Stryszów,powiat wadowicki,
215,Odsetek osób niepełnosprawnych ogółem,2021,gmina,Tomice,powiat wadowicki,
215,Odsetek osób niepełnosprawnych ogółem,2021,gmina,Wadowice,powiat wadowicki,
215,Odsetek osób niepełnosprawnych ogółem,2021,gmina,Wieprz,powiat wadowicki,
215,Odsetek osób niepełnosprawnych ogółem,2021,powiat,powiat wielicki,powiat wielicki,11.81%
215,Odsetek osób niepełnosprawnych ogółem,2021,gmina,Biskupice,powiat wielicki,
215,Odsetek osób niepełnosprawnych ogółem,2021,gmina,Gdów,powiat wielicki,
215,Odsetek osób niepełnosprawnych ogółem,2021,gmina,Kłaj,powiat wielicki,
215,Odsetek osób niepełnosprawnych ogółem,2021,gmina,Niepołomice,powiat wielicki,
215,Odsetek osób niepełnosprawnych ogółem,2021,gmina,Wieliczka,powiat wielicki,
215,Odsetek osób niepełnosprawnych ogółem,2011,powiat,powiat bocheński,powiat bocheński,10.00%
215,Odsetek osób niepełnosprawnych ogółem,2011,gmina,Bochnia (miasto),powiat bocheński,
215,Odsetek osób niepełnosprawnych ogółem,2011,gmina,Bochnia (wieś),powiat bocheński,
215,Odsetek osób niepełnosprawnych ogółem,2011,gmina,Drwinia,powiat bocheński,
215,Odsetek osób niepełnosprawnych ogółem,2011,gmina,Lipnica Murowana,powiat bocheński,
215,Odsetek osób niepełnosprawnych ogółem,2011,gmina,Łapanów,powiat bocheński,
215,Odsetek osób niepełnosprawnych ogółem,2011,gmina,Nowy Wiśnicz,powiat bocheński,
215,Odsetek osób niepełnosprawnych ogółem,2011,gmina,Rzezawa,powiat bocheński,
215,Odsetek osób niepełnosprawnych ogółem,2011,gmina,Trzciana,powiat bocheński,
215,Odsetek osób niepełnosprawnych ogółem,2011,gmina,Żegocina,powiat bocheński,
215,Odsetek osób niepełnosprawnych ogółem,2011,powiat,powiat brzeski,powiat brzeski,11.25%
215,Odsetek osób niepełnosprawnych ogółem,2011,gmina,Borzęcin,powiat brzeski,
215,Odsetek osób niepełnosprawnych ogółem,2011,gmina,Brzesko,powiat brzeski,
215,Odsetek osób niepełnosprawnych ogółem,2011,gmina,Czchów,powiat brzeski,
215,Odsetek osób niepełnosprawnych ogółem,2011,gmina,Dębno,powiat brzeski,
215,Odsetek osób niepełnosprawnych ogółem,2011,gmina,Gnojnik,powiat brzeski,
215,Odsetek osób niepełnosprawnych ogółem,2011,gmina,Iwkowa,powiat brzeski,
215,Odsetek osób niepełnosprawnych ogółem,2011,gmina,Szczurowa,powiat brzeski,
215,Odsetek osób niepełnosprawnych ogółem,2011,powiat,powiat chrzanowski,powiat chrzanowski,12.92%
215,Odsetek osób niepełnosprawnych ogółem,2011,gmina,Alwernia,powiat chrzanowski,
215,Odsetek osób niepełnosprawnych ogółem,2011,gmina,Babice,powiat chrzanowski,
215,Odsetek osób niepełnosprawnych ogółem,2011,gmina,Chrzanów,powiat chrzanowski,
215,Odsetek osób niepełnosprawnych ogółem,2011,gmina,Libiąż,powiat chrzanowski,
215,Odsetek osób niepełnosprawnych ogółem,2011,gmina,Trzebinia,powiat chrzanowski,
215,Odsetek osób niepełnosprawnych ogółem,2011,powiat,powiat dąbrowski,powiat dąbrowski,9.77%
215,Odsetek osób niepełnosprawnych ogółem,2011,gmina,Bolesław,powiat dąbrowski,
215,Odsetek osób niepełnosprawnych ogółem,2011,gmina,Dąbrowa Tarnowska,powiat dąbrowski,
215,Odsetek osób niepełnosprawnych ogółem,2011,gmina,Gręboszów,powiat dąbrowski,
215,Odsetek osób niepełnosprawnych ogółem,2011,gmina,Mędrzechów,powiat dąbrowski,
215,Odsetek osób niepełnosprawnych ogółem,2011,gmina,Olesno,powiat dąbrowski,
215,Odsetek osób niepełnosprawnych ogółem,2011,gmina,Radgoszcz,powiat dąbrowski,
215,Odsetek osób niepełnosprawnych ogółem,2011,gmina,Szczucin,powiat dąbrowski,
215,Odsetek osób niepełnosprawnych ogółem,2011,powiat,powiat gorlicki,powiat gorlicki,13.47%
215,Odsetek osób niepełnosprawnych ogółem,2011,gmina,Biecz,powiat gorlicki,
215,Odsetek osób niepełnosprawnych ogółem,2011,gmina,Bobowa,powiat gorlicki,
215,Odsetek osób niepełnosprawnych ogółem,2011,gmina,Gorlice (miasto),powiat gorlicki,
215,Odsetek osób niepełnosprawnych ogółem,2011,gmina,Gorlice (wieś),powiat gorlicki,
215,Odsetek osób niepełnosprawnych ogółem,2011,gmina,Lipinki,powiat gorlicki,
215,Odsetek osób niepełnosprawnych ogółem,2011,gmina,Łużna,powiat gorlicki,
215,Odsetek osób niepełnosprawnych ogółem,2011,gmina,Moszczenica,powiat gorlicki,
215,Odsetek osób niepełnosprawnych ogółem,2011,gmina,Ropa,powiat gorlicki,
215,Odsetek osób niepełnosprawnych ogółem,2011,gmina,Sękowa,powiat gorlicki,
215,Odsetek osób niepełnosprawnych ogółem,2011,gmina,Uście Gorlickie,powiat gorlicki,
215,Odsetek osób niepełnosprawnych ogółem,2011,powiat,powiat krakowski,powiat krakowski,13.00%
215,Odsetek osób niepełnosprawnych ogółem,2011,gmina,Czernichów,powiat krakowski,
215,Odsetek osób niepełnosprawnych ogółem,2011,gmina,Igołomia-Wawrzeńczyce,powiat krakowski,
215,Odsetek osób niepełnosprawnych ogółem,2011,gmina,Iwanowice,powiat krakowski,
215,Odsetek osób niepełnosprawnych ogółem,2011,gmina,Jerzmanowice-Przeginia,powiat krakowski,
215,Odsetek osób niepełnosprawnych ogółem,2011,gmina,Kocmyrzów-Luborzyca,powiat krakowski,
215,Odsetek osób niepełnosprawnych ogółem,2011,gmina,Krzeszowice,powiat krakowski,
215,Odsetek osób niepełnosprawnych ogółem,2011,gmina,Liszki,powiat krakowski,
215,Odsetek osób niepełnosprawnych ogółem,2011,gmina,Michałowice,powiat krakowski,
215,Odsetek osób niepełnosprawnych ogółem,2011,gmina,Mogilany,powiat krakowski,
215,Odsetek osób niepełnosprawnych ogółem,2011,gmina,Skała,powiat krakowski,
215,Odsetek osób niepełnosprawnych ogółem,2011,gmina,Skawina,powiat krakowski,
215,Odsetek osób niepełnosprawnych ogółem,2011,gmina,Słomniki,powiat krakowski,
215,Odsetek osób niepełnosprawnych ogółem,2011,gmina,Sułoszowa,powiat krakowski,
215,Odsetek osób niepełnosprawnych ogółem,2011,gmina,Świątniki Górne,powiat krakowski,
215,Odsetek osób niepełnosprawnych ogółem,2011,gmina,Wielka Wieś,powiat krakowski,
215,Odsetek osób niepełnosprawnych ogółem,2011,gmina,Zabierzów,powiat krakowski,
215,Odsetek osób niepełnosprawnych ogółem,2011,gmina,Zielonki,powiat krakowski,
215,Odsetek osób niepełnosprawnych ogółem,2011,powiat,powiat limanowski,powiat limanowski,10.24%
215,Odsetek osób niepełnosprawnych ogółem,2011,gmina,Dobra,powiat limanowski,
215,Odsetek osób niepełnosprawnych ogółem,2011,gmina,Jodłownik,powiat limanowski,
215,Odsetek osób niepełnosprawnych ogółem,2011,gmina,Kamienica,powiat limanowski,
215,Odsetek osób niepełnosprawnych ogółem,2011,gmina,Laskowa,powiat limanowski,
215,Odsetek osób niepełnosprawnych ogółem,2011,gmina,Limanowa (miasto),powiat limanowski,
215,Odsetek osób niepełnosprawnych ogółem,2011,gmina,Limanowa (wieś),powiat limanowski,
215,Odsetek osób niepełnosprawnych ogółem,2011,gmina,Łukowica,powiat limanowski,
215,Odsetek osób niepełnosprawnych ogółem,2011,gmina,Mszana Dolna (miasto),powiat limanowski,
215,Odsetek osób niepełnosprawnych ogółem,2011,gmina,Mszana Dolna (wieś),powiat limanowski,
215,Odsetek osób niepełnosprawnych ogółem,2011,gmina,Niedźwiedź,powiat limanowski,
215,Odsetek osób niepełnosprawnych ogółem,2011,gmina,Słopnice,powiat limanowski,
215,Odsetek osób niepełnosprawnych ogółem,2011,gmina,Tymbark,powiat limanowski,
215,Odsetek osób niepełnosprawnych ogółem,2011,powiat,powiat m. Kraków,powiat m. Kraków,14.18%
215,Odsetek osób niepełnosprawnych ogółem,2011,powiat,powiat m. Nowy Sącz,powiat m. Nowy Sącz,13.48%
215,Odsetek osób niepełnosprawnych ogółem,2011,powiat,powiat m. Tarnów,powiat m. Tarnów,14.83%
215,Odsetek osób niepełnosprawnych ogółem,2011,powiat,powiat miechowski,powiat miechowski,11.54%
215,Odsetek osób niepełnosprawnych ogółem,2011,gmina,Charsznica,powiat miechowski,
215,Odsetek osób niepełnosprawnych ogółem,2011,gmina,Gołcza,powiat miechowski,
215,Odsetek osób niepełnosprawnych ogółem,2011,gmina,Kozłów,powiat miechowski,
215,Odsetek osób niepełnosprawnych ogółem,2011,gmina,Książ Wielki,powiat miechowski,
215,Odsetek osób niepełnosprawnych ogółem,2011,gmina,Miechów,powiat miechowski,
215,Odsetek osób niepełnosprawnych ogółem,2011,gmina,Racławice,powiat miechowski,
215,Odsetek osób niepełnosprawnych ogółem,2011,gmina,Słaboszów,powiat miechowski,
215,Odsetek osób niepełnosprawnych ogółem,2011,powiat,powiat myślenicki,powiat myślenicki,9.29%
215,Odsetek osób niepełnosprawnych ogółem,2011,gmina,Dobczyce,powiat myślenicki,
215,Odsetek osób niepełnosprawnych ogółem,2011,gmina,Lubień,powiat myślenicki,
215,Odsetek osób niepełnosprawnych ogółem,2011,gmina,Myślenice,powiat myślenicki,
215,Odsetek osób niepełnosprawnych ogółem,2011,gmina,Pcim,powiat myślenicki,
215,Odsetek osób niepełnosprawnych ogółem,2011,gmina,Raciechowice,powiat myślenicki,
215,Odsetek osób niepełnosprawnych ogółem,2011,gmina,Siepraw,powiat myślenicki,
215,Odsetek osób niepełnosprawnych ogółem,2011,gmina,Sułkowice,powiat myślenicki,
215,Odsetek osób niepełnosprawnych ogółem,2011,gmina,Tokarnia,powiat myślenicki,
215,Odsetek osób niepełnosprawnych ogółem,2011,gmina,Wiśniowa,powiat myślenicki,
215,Odsetek osób niepełnosprawnych ogółem,2011,powiat,powiat nowosądecki,powiat nowosądecki,9.55%
215,Odsetek osób niepełnosprawnych ogółem,2011,gmina,Podegrodzie,powiat nowosądecki,
215,Odsetek osób niepełnosprawnych ogółem,2011,gmina,Rytro,powiat nowosądecki,
215,Odsetek osób niepełnosprawnych ogółem,2011,gmina,Stary Sącz,powiat nowosądecki,
215,Odsetek osób niepełnosprawnych ogółem,2011,gmina,Chełmiec,powiat nowosądecki,
215,Odsetek osób niepełnosprawnych ogółem,2011,gmina,Gródek nad Dunajcem,powiat nowosądecki,
215,Odsetek osób niepełnosprawnych ogółem,2011,gmina,Grybów (miasto),powiat nowosądecki,
215,Odsetek osób niepełnosprawnych ogółem,2011,gmina,Grybów (wieś),powiat nowosądecki,
215,Odsetek osób niepełnosprawnych ogółem,2011,gmina,Kamionka Wielka,powiat nowosądecki,
215,Odsetek osób niepełnosprawnych ogółem,2011,gmina,Korzenna,powiat nowosądecki,
215,Odsetek osób niepełnosprawnych ogółem,2011,gmina,Krynica-Zdrój,powiat nowosądecki,
215,Odsetek osób niepełnosprawnych ogółem,2011,gmina,Łabowa,powiat nowosądecki,
215,Odsetek osób niepełnosprawnych ogółem,2011,gmina,Łącko,powiat nowosądecki,
215,Odsetek osób niepełnosprawnych ogółem,2011,gmina,Łososina Dolna,powiat nowosądecki,
215,Odsetek osób niepełnosprawnych ogółem,2011,gmina,Muszyna,powiat nowosądecki,
215,Odsetek osób niepełnosprawnych ogółem,2011,gmina,Nawojowa,powiat nowosądecki,
215,Odsetek osób niepełnosprawnych ogółem,2011,gmina,Piwniczna-Zdrój,powiat nowosądecki,
215,Odsetek osób niepełnosprawnych ogółem,2011,powiat,powiat nowotarski,powiat nowotarski,8.57%
215,Odsetek osób niepełnosprawnych ogółem,2011,gmina,Czarny Dunajec,powiat nowotarski,
215,Odsetek osób niepełnosprawnych ogółem,2011,gmina,Czorsztyn,powiat nowotarski,
215,Odsetek osób niepełnosprawnych ogółem,2011,gmina,Jabłonka,powiat nowotarski,
215,Odsetek osób niepełnosprawnych ogółem,2011,gmina,Krościenko nad Dunajcem,powiat nowotarski,
215,Odsetek osób niepełnosprawnych ogółem,2011,gmina,Lipnica Wielka,powiat nowotarski,
215,Odsetek osób niepełnosprawnych ogółem,2011,gmina,Łapsze Niżne,powiat nowotarski,
215,Odsetek osób niepełnosprawnych ogółem,2011,gmina,Nowy Targ (miasto),powiat nowotarski,
215,Odsetek osób niepełnosprawnych ogółem,2011,gmina,Nowy Targ (wieś),powiat nowotarski,
215,Odsetek osób niepełnosprawnych ogółem,2011,gmina,Ochotnica Dolna,powiat nowotarski,
215,Odsetek osób niepełnosprawnych ogółem,2011,gmina,Raba Wyżna,powiat nowotarski,
215,Odsetek osób niepełnosprawnych ogółem,2011,gmina,Rabka-Zdrój,powiat nowotarski,
215,Odsetek osób niepełnosprawnych ogółem,2011,gmina,Spytkowice,powiat nowotarski,
215,Odsetek osób niepełnosprawnych ogółem,2011,gmina,Szaflary,powiat nowotarski,
215,Odsetek osób niepełnosprawnych ogółem,2011,gmina,Szczawnica,powiat nowotarski,
215,Odsetek osób niepełnosprawnych ogółem,2011,powiat,powiat olkuski,powiat olkuski,14.00%
215,Odsetek osób niepełnosprawnych ogółem,2011,gmina,Bolesław,powiat olkuski,
215,Odsetek osób niepełnosprawnych ogółem,2011,gmina,Bukowno,powiat olkuski,
215,Odsetek osób niepełnosprawnych ogółem,2011,gmina,Klucze,powiat olkuski,
215,Odsetek osób niepełnosprawnych ogółem,2011,gmina,Olkusz,powiat olkuski,
215,Odsetek osób niepełnosprawnych ogółem,2011,gmina,Trzyciąż,powiat olkuski,
215,Odsetek osób niepełnosprawnych ogółem,2011,gmina,Wolbrom,powiat olkuski,
215,Odsetek osób niepełnosprawnych ogółem,2011,powiat,powiat oświęcimski,powiat oświęcimski,11.34%
215,Odsetek osób niepełnosprawnych ogółem,2011,gmina,Brzeszcze,powiat oświęcimski,
215,Odsetek osób niepełnosprawnych ogółem,2011,gmina,Chełmek,powiat oświęcimski,
215,Odsetek osób niepełnosprawnych ogółem,2011,gmina,Kęty,powiat oświęcimski,
215,Odsetek osób niepełnosprawnych ogółem,2011,gmina,Osiek,powiat oświęcimski,
215,Odsetek osób niepełnosprawnych ogółem,2011,gmina,Oświęcim (miasto),powiat oświęcimski,
215,Odsetek osób niepełnosprawnych ogółem,2011,gmina,Oświęcim (wieś),powiat oświęcimski,
215,Odsetek osób niepełnosprawnych ogółem,2011,gmina,Polanka Wielka,powiat oświęcimski,
215,Odsetek osób niepełnosprawnych ogółem,2011,gmina,Przeciszów,powiat oświęcimski,
215,Odsetek osób niepełnosprawnych ogółem,2011,gmina,Zator,powiat oświęcimski,
215,Odsetek osób niepełnosprawnych ogółem,2011,powiat,powiat proszowicki,powiat proszowicki,12.09%
215,Odsetek osób niepełnosprawnych ogółem,2011,gmina,Koniusza,powiat proszowicki,
215,Odsetek osób niepełnosprawnych ogółem,2011,gmina,Koszyce,powiat proszowicki,
215,Odsetek osób niepełnosprawnych ogółem,2011,gmina,Nowe Brzesko,powiat proszowicki,
215,Odsetek osób niepełnosprawnych ogółem,2011,gmina,Pałecznica,powiat proszowicki,
215,Odsetek osób niepełnosprawnych ogółem,2011,gmina,Proszowice,powiat proszowicki,
215,Odsetek osób niepełnosprawnych ogółem,2011,gmina,Radziemice,powiat proszowicki,
215,Odsetek osób niepełnosprawnych ogółem,2011,powiat,powiat suski,powiat suski,10.21%
215,Odsetek osób niepełnosprawnych ogółem,2011,gmina,Budzów,powiat suski,
215,Odsetek osób niepełnosprawnych ogółem,2011,gmina,Bystra-Sidzina,powiat suski,
215,Odsetek osób niepełnosprawnych ogółem,2011,gmina,Jordanów (miasto),powiat suski,
215,Odsetek osób niepełnosprawnych ogółem,2011,gmina,Jordanów (wieś),powiat suski,
215,Odsetek osób niepełnosprawnych ogółem,2011,gmina,Maków Podhalański,powiat suski,
215,Odsetek osób niepełnosprawnych ogółem,2011,gmina,Stryszawa,powiat suski,
215,Odsetek osób niepełnosprawnych ogółem,2011,gmina,Sucha Beskidzka,powiat suski,
215,Odsetek osób niepełnosprawnych ogółem,2011,gmina,Zawoja,powiat suski,
215,Odsetek osób niepełnosprawnych ogółem,2011,gmina,Zembrzyce,powiat suski,
215,Odsetek osób niepełnosprawnych ogółem,2011,powiat,powiat tarnowski,powiat tarnowski,9.06%
215,Odsetek osób niepełnosprawnych ogółem,2011,gmina,Ciężkowice,powiat tarnowski,
215,Odsetek osób niepełnosprawnych ogółem,2011,gmina,Gromnik,powiat tarnowski,
215,Odsetek osób niepełnosprawnych ogółem,2011,gmina,Lisia Góra,powiat tarnowski,
215,Odsetek osób niepełnosprawnych ogółem,2011,gmina,Pleśna,powiat tarnowski,
215,Odsetek osób niepełnosprawnych ogółem,2011,gmina,Radłów,powiat tarnowski,
215,Odsetek osób niepełnosprawnych ogółem,2011,gmina,Ryglice,powiat tarnowski,
215,Odsetek osób niepełnosprawnych ogółem,2011,gmina,Rzepiennik Strzyżewski,powiat tarnowski,
215,Odsetek osób niepełnosprawnych ogółem,2011,gmina,Skrzyszów,powiat tarnowski,
215,Odsetek osób niepełnosprawnych ogółem,2011,gmina,Szerzyny,powiat tarnowski,
215,Odsetek osób niepełnosprawnych ogółem,2011,gmina,Tarnów (wieś),powiat tarnowski,
215,Odsetek osób niepełnosprawnych ogółem,2011,gmina,Tuchów,powiat tarnowski,
215,Odsetek osób niepełnosprawnych ogółem,2011,gmina,Wierzchosławice,powiat tarnowski,
215,Odsetek osób niepełnosprawnych ogółem,2011,gmina,Wietrzychowice,powiat tarnowski,
215,Odsetek osób niepełnosprawnych ogółem,2011,gmina,Wojnicz,powiat tarnowski,
215,Odsetek osób niepełnosprawnych ogółem,2011,gmina,Zakliczyn,powiat tarnowski,
215,Odsetek osób niepełnosprawnych ogółem,2011,gmina,Żabno,powiat tarnowski,
215,Odsetek osób niepełnosprawnych ogółem,2011,powiat,powiat tatrzański,powiat tatrzański,8.51%
215,Odsetek osób niepełnosprawnych ogółem,2011,gmina,Biały Dunajec,powiat tatrzański,
215,Odsetek osób niepełnosprawnych ogółem,2011,gmina,Bukowina Tatrzańska,powiat tatrzański,
215,Odsetek osób niepełnosprawnych ogółem,2011,gmina,Kościelisko,powiat tatrzański,
215,Odsetek osób niepełnosprawnych ogółem,2011,gmina,Poronin,powiat tatrzański,
215,Odsetek osób niepełnosprawnych ogółem,2011,gmina,Zakopane,powiat tatrzański,
215,Odsetek osób niepełnosprawnych ogółem,2011,powiat,powiat wadowicki,powiat wadowicki,9.90%
215,Odsetek osób niepełnosprawnych ogółem,2011,gmina,Andrychów,powiat wadowicki,
215,Odsetek osób niepełnosprawnych ogółem,2011,gmina,Brzeźnica,powiat wadowicki,
215,Odsetek osób niepełnosprawnych ogółem,2011,gmina,Kalwaria Zebrzydowska,powiat wadowicki,
215,Odsetek osób niepełnosprawnych ogółem,2011,gmina,Lanckorona,powiat wadowicki,
215,Odsetek osób niepełnosprawnych ogółem,2011,gmina,Mucharz,powiat wadowicki,
215,Odsetek osób niepełnosprawnych ogółem,2011,gmina,Spytkowice,powiat wadowicki,
215,Odsetek osób niepełnosprawnych ogółem,2011,gmina,Stryszów,powiat wadowicki,
215,Odsetek osób niepełnosprawnych ogółem,2011,gmina,Tomice,powiat wadowicki,
215,Odsetek osób niepełnosprawnych ogółem,2011,gmina,Wadowice,powiat wadowicki,
215,Odsetek osób niepełnosprawnych ogółem,2011,gmina,Wieprz,powiat wadowicki,
215,Odsetek osób niepełnosprawnych ogółem,2011,powiat,powiat wielicki,powiat wielicki,12.41%
215,Odsetek osób niepełnosprawnych ogółem,2011,gmina,Biskupice,powiat wielicki,
215,Odsetek osób niepełnosprawnych ogółem,2011,gmina,Gdów,powiat wielicki,
215,Odsetek osób niepełnosprawnych ogółem,2011,gmina,Kłaj,powiat wielicki,
215,Odsetek osób niepełnosprawnych ogółem,2011,gmina,Niepołomice,powiat wielicki,
215,Odsetek osób niepełnosprawnych ogółem,2011,gmina,Wieliczka,powiat wielicki,
